Año,Urbano latino,Rock y alternativo,Hip-hop y rap,Electrónica y dance,Pop,Metal,"R&B, soul, funk y jazz",Cumbia y tropical,Otros,Sin clasificar
2017,152.702327,68.264460,10.108411,22.251950,4.133859,2.800658,4.762317,3.889203,1.471735,97.304415
2018,156.832505,113.311929,39.854668,101.984785,10.141202,16.425300,3.820336,8.920274,2.174359,16.059878
2019,223.234924,38.908675,24.104577,77.406772,3.377180,3.819785,0.996285,5.573632,0.453947,12.080442
2020,632.690238,113.899538,22.738639,107.532667,16.837810,27.125738,2.091087,23.372851,2.065780,28.937644
2021,259.162319,172.117177,42.449086,114.050521,8.918587,37.244655,4.647398,14.512867,6.826519,54.520699
2022,302.126542,63.260882,19.180768,91.500266,4.071950,23.526641,1.071563,14.593356,0.847261,39.813996
2023,282.370314,84.117480,10.645607,23.671905,5.155690,16.792011,1.094553,15.111355,1.346088,22.526189
2024,140.966894,172.009484,7.573812,38.452359,14.955259,22.882859,57.716048,44.726265,4.047067,36.578249
2025,41.848060,221.104739,4.661910,75.695430,17.365877,57.629970,77.671079,13.200610,27.685380,33.591193
